context_condition,new_bias_score,accuracy,acc_bias
ambig,1.0,0.9893617021276596,1.0638297872340385
disambig,0.1359999999999999,0.9638242894056848,13.59999999999999
