context_condition,new_bias_score,accuracy,acc_bias
ambig,0.875,0.9756838905775076,2.1276595744680855
disambig,0.12365591397849451,0.9276485788113695,12.365591397849451
