group,response_rate,accurracy,f1,auc
0,1.0,0.6646153846153846,0.7539503386004515,0.6182485476526927
1,1.0,0.6207865168539326,0.6341463414634146,0.6229813664596273
overall,1.0,0.6417033773861968,0.6995073891625616,0.6270715316139475
