group,response_rate,stat_parity,equal_odds_tpr,equal_odds_fpr,equal_opportunity
0,1.0,0.7938461538461539,0.8756476683937824,0.6742424242424242,0.8756476683937824
1,1.0,0.3146067415730337,0.39487179487179486,0.21739130434782608,0.39487179487179486
