group,response_rate,accurracy,f1,auc
0,0.9941262848751835,0.5496894409937888,0.5938375350140056,0.5484792774069782
1,0.9941262848751835,0.48169014084507045,0.5208333333333334,0.4782852564102564
overall,0.9941262848751835,0.5140324963072378,0.5560053981106613,0.5108256325338747
