group,response_rate,stat_parity,equal_odds_tpr,equal_odds_fpr,equal_opportunity
0,1.0,0.9415384615384615,0.9533678756476683,0.9242424242424242,0.9533678756476683
1,1.0,0.7808988764044944,0.8256410256410256,0.7267080745341615,0.8256410256410256
