group,response_rate,accurracy,f1,auc
0,1.0,0.6646153846153846,0.7583148558758315,0.6134597268016957
1,1.0,0.5898876404494382,0.6893617021276596,0.564452938365982
overall,1.0,0.6255506607929515,0.7231270358306189,0.5878267830125611
