group,response_rate,stat_parity,equal_odds_tpr,equal_odds_fpr,equal_opportunity
0,1.0,0.9692307692307692,0.9740932642487047,0.9621212121212122,0.9740932642487047
1,1.0,0.6910112359550562,0.6974358974358974,0.6832298136645962,0.6974358974358974
