group,response_rate,accurracy,f1,auc
0,0.9897209985315712,0.565625,0.6106442577030813,0.5631689486651319
1,0.9897209985315712,0.5225988700564972,0.5743073047858942,0.5155781325592647
overall,0.9897209985315712,0.543026706231454,0.5915119363395226,0.5369163074712643
