group,response_rate,accurracy,f1,auc
0,1.0,0.6523076923076923,0.7494456762749445,0.600702622075679
1,1.0,0.5702247191011236,0.501628664495114,0.5887402452619844
overall,1.0,0.6093979441997063,0.6490765171503958,0.6054062137152105
