group,response_rate,stat_parity,equal_odds_tpr,equal_odds_fpr,equal_opportunity
0,0.9897209985315712,0.525,0.5767195767195767,0.45038167938931295,0.5767195767195767
1,0.9897209985315712,0.5706214689265536,0.5846153846153846,0.5534591194968553,0.5846153846153846
