group,response_rate,stat_parity,equal_odds_tpr,equal_odds_fpr,equal_opportunity
0,1.0,0.8953846153846153,0.9326424870466321,0.8409090909090909,0.9326424870466321
1,1.0,0.8061797752808989,0.8564102564102564,0.7453416149068323,0.8564102564102564
