group,response_rate,stat_parity,equal_odds_tpr,equal_odds_fpr,equal_opportunity
0,0.9926578560939795,0.5109034267912772,0.5130890052356021,0.5076923076923077,0.5130890052356021
1,0.9926578560939795,0.5690140845070423,0.5897435897435898,0.54375,0.5897435897435898
