group,response_rate,stat_parity,equal_odds_tpr,equal_odds_fpr,equal_opportunity
0,1.0,0.92,0.9689119170984456,0.8484848484848485,0.9689119170984456
1,1.0,0.797752808988764,0.8461538461538461,0.7391304347826086,0.8461538461538461
