group,response_rate,stat_parity,equal_odds_tpr,equal_odds_fpr,equal_opportunity
0,1.0,0.796923076923077,0.9067357512953368,0.6363636363636364,0.9067357512953368
1,1.0,0.45224719101123595,0.5794871794871795,0.2981366459627329,0.5794871794871795
