group,response_rate,accurracy,f1,auc
0,1.0,0.5938461538461538,0.7451737451737451,0.5
1,1.0,0.5589887640449438,0.6749482401656315,0.5297499601847429
overall,1.0,0.5756240822320118,0.7112887112887113,0.5201963336969142
