group,response_rate,stat_parity,equal_odds_tpr,equal_odds_fpr,equal_opportunity
0,0.9970631424375918,0.6006191950464397,0.6354166666666666,0.549618320610687,0.6354166666666666
1,0.9970631424375918,0.547752808988764,0.5948717948717949,0.4906832298136646,0.5948717948717949
