group,response_rate,stat_parity,equal_odds_tpr,equal_odds_fpr,equal_opportunity
0,0.986784140969163,0.4875,0.5368421052631579,0.4153846153846154,0.5368421052631579
1,0.986784140969163,0.5795454545454546,0.5958549222797928,0.559748427672956,0.5958549222797928
