group,response_rate,accurracy,f1,auc
0,1.0,0.5692307692307692,0.6982758620689655,0.5068103312921965
1,1.0,0.5224719101123596,0.6516393442622951,0.4915432393693263
overall,1.0,0.5447870778267254,0.6743697478991597,0.4989840258963442
