group,response_rate,stat_parity,equal_odds_tpr,equal_odds_fpr,equal_opportunity
0,0.960352422907489,0.48355263157894735,0.5054945054945055,0.45081967213114754,0.5054945054945055
1,0.960352422907489,0.6657142857142857,0.6510416666666666,0.6835443037974683,0.6510416666666666
