group,response_rate,stat_parity,equal_odds_tpr,equal_odds_fpr,equal_opportunity
0,1.0,0.8984615384615384,0.9533678756476683,0.8181818181818182,0.9533678756476683
1,1.0,0.8567415730337079,0.9282051282051282,0.7701863354037267,0.9282051282051282
