group,response_rate,accurracy,f1,auc
0,0.9985315712187959,0.5661538461538461,0.6448362720403022,0.5437274297377924
1,0.9985315712187959,0.5521126760563381,0.5804749340369393,0.5508012820512821
overall,0.9985315712187959,0.5588235294117647,0.6134020618556701,0.5498517158593419
