group,response_rate,stat_parity,equal_odds_tpr,equal_odds_fpr,equal_opportunity
0,0.9911894273127754,0.4890282131661442,0.48947368421052634,0.4883720930232558,0.48947368421052634
1,0.9911894273127754,0.547752808988764,0.5025641025641026,0.6024844720496895,0.5025641025641026
