group,response_rate,stat_parity,equal_odds_tpr,equal_odds_fpr,equal_opportunity
0,1.0,0.8953846153846153,0.9378238341968912,0.8333333333333334,0.9378238341968912
1,1.0,0.4803370786516854,0.6,0.33540372670807456,0.6
