group,response_rate,accurracy,f1,auc
0,1.0,0.6615384615384615,0.7639484978540773,0.6012914115245721
1,1.0,0.6376404494382022,0.7318087318087318,0.6096671444497532
overall,1.0,0.6490455212922174,0.747624076029567,0.606356215474473
