group,response_rate,stat_parity,equal_odds_tpr,equal_odds_fpr,equal_opportunity
0,1.0,0.8953846153846153,0.927461139896373,0.8484848484848485,0.927461139896373
1,1.0,0.36797752808988765,0.4358974358974359,0.2857142857142857,0.4358974358974359
