group,response_rate,accurracy,f1,auc
0,1.0,0.64,0.7515923566878981,0.57597346522217
1,1.0,0.6207865168539326,0.7133757961783439,0.5953655040611563
overall,1.0,0.6299559471365639,0.732484076433121,0.5879323387635903
