group,response_rate,stat_parity,equal_odds_tpr,equal_odds_fpr,equal_opportunity
0,1.0,0.8553846153846154,0.917098445595855,0.7651515151515151,0.917098445595855
1,1.0,0.7752808988764045,0.8615384615384616,0.6708074534161491,0.8615384615384616
