group,response_rate,accurracy,f1,auc
0,1.0,0.6369230769230769,0.7601626016260162,0.5602135343067985
1,1.0,0.5814606741573034,0.6889352818371608,0.5535117056856187
overall,1.0,0.6079295154185022,0.7250257466529351,0.5594102952042503
