group,response_rate,accurracy,f1,auc
0,1.0,0.6738461538461539,0.7568807339449541,0.6320065944418276
1,1.0,0.5646067415730337,0.5141065830721003,0.5798216276477146
overall,1.0,0.6167400881057269,0.6543046357615894,0.613520812075578
