group,response_rate,stat_parity,equal_odds_tpr,equal_odds_fpr,equal_opportunity
0,1.0,0.7323076923076923,0.8601036269430051,0.5454545454545454,0.8601036269430051
1,1.0,0.5,0.6358974358974359,0.33540372670807456,0.6358974358974359
