group,response_rate,stat_parity,equal_odds_tpr,equal_odds_fpr,equal_opportunity
0,1.0,0.7876923076923077,0.8911917098445595,0.6363636363636364,0.8911917098445595
1,1.0,0.7893258426966292,0.8307692307692308,0.7391304347826086,0.8307692307692308
