group,response_rate,stat_parity,equal_odds_tpr,equal_odds_fpr,equal_opportunity
0,1.0,0.7907692307692308,0.8704663212435233,0.6742424242424242,0.8704663212435233
1,1.0,0.651685393258427,0.7282051282051282,0.5590062111801242,0.7282051282051282
