group,response_rate,stat_parity,equal_odds_tpr,equal_odds_fpr,equal_opportunity
0,1.0,1.0,1.0,1.0,1.0
1,1.0,0.8117977528089888,0.8307692307692308,0.7888198757763976,0.8307692307692308
