group,response_rate,accurracy,f1,auc
0,1.0,0.6953846153846154,0.7703016241299304,0.6573245407442299
1,1.0,0.648876404494382,0.6648793565683646,0.6502468545946807
overall,1.0,0.671071953010279,0.7213930348258707,0.6586942753597692
