group,response_rate,accurracy,f1,auc
0,1.0,0.683076923076923,0.7576470588235295,0.6481590516564609
1,1.0,0.6264044943820225,0.6053412462908012,0.6373148590539894
overall,1.0,0.6534508076358296,0.6902887139107612,0.649497730551353
