group,response_rate,accurracy,f1,auc
0,1.0,0.6276923076923077,0.7545638945233266,0.5500471031559114
1,1.0,0.5702247191011236,0.6832298136645962,0.5410893454371715
overall,1.0,0.5976505139500734,0.7192622950819673,0.5478827275606066
