group,response_rate,accurracy,f1,auc
0,0.986784140969163,0.55625,0.5895953757225434,0.5607287449392712
1,0.986784140969163,0.5255681818181818,0.5793450881612091,0.5180532473034184
overall,0.986784140969163,0.5401785714285714,0.5841184387617766,0.5358849729417186
