group,response_rate,accurracy,f1,auc
0,1.0,0.6492307692307693,0.7466666666666667,0.5981119485005495
1,1.0,0.598314606741573,0.6651053864168618,0.5845994585125021
overall,1.0,0.6226138032305433,0.7069555302166477,0.5940237852292319
