group,response_rate,stat_parity,equal_odds_tpr,equal_odds_fpr,equal_opportunity
0,1.0,0.7476923076923077,0.8549222797927462,0.5909090909090909,0.8549222797927462
1,1.0,0.34831460674157305,0.4205128205128205,0.2608695652173913,0.4205128205128205
