group,response_rate,stat_parity,equal_odds_tpr,equal_odds_fpr,equal_opportunity
0,0.9985315712187959,0.6276923076923077,0.6632124352331606,0.5757575757575758,0.6632124352331606
1,0.9985315712187959,0.5183098591549296,0.5641025641025641,0.4625,0.5641025641025641
