group,response_rate,accurracy,f1,auc
0,1.0,0.6,0.7410358565737052,0.5159561940650024
1,1.0,0.5758426966292135,0.6794055201698513,0.5500079630514413
overall,1.0,0.5873715124816447,0.71120246659815,0.538026459308258
