group,response_rate,stat_parity,equal_odds_tpr,equal_odds_fpr,equal_opportunity
0,1.0,0.6923076923076923,0.8082901554404145,0.5227272727272727,0.8082901554404145
1,1.0,0.5,0.6307692307692307,0.3416149068322981,0.6307692307692307
