group,response_rate,accurracy,f1,auc
0,1.0,0.6246153846153846,0.7479338842975206,0.552245250431779
1,1.0,0.6292134831460674,0.639344262295082,0.6322981366459628
overall,1.0,0.6270190895741556,0.7011764705882353,0.6041571373280321
