group,response_rate,accurracy,f1,auc
0,1.0,0.68,0.7592592592592593,0.6407795572303344
1,1.0,0.5898876404494382,0.5548780487804879,0.6028985507246377
overall,1.0,0.6328928046989721,0.6710526315789473,0.628949544351008
