group,response_rate,accurracy,f1,auc
0,1.0,0.6123076923076923,0.7396694214876033,0.5394881457057623
1,1.0,0.5617977528089888,0.5214723926380368,0.5750915750915752
overall,1.0,0.5859030837004405,0.6518518518518519,0.5705816121881707
