group,response_rate,accurracy,f1,auc
0,1.0,0.5969230769230769,0.7374749498997996,0.5145627257026221
1,1.0,0.5758426966292135,0.6807610993657506,0.549466475553432
overall,1.0,0.5859030837004405,0.7098765432098766,0.5367377995144436
