group,response_rate,stat_parity,equal_odds_tpr,equal_odds_fpr,equal_opportunity
0,1.0,0.7476923076923077,0.8031088082901554,0.6666666666666666,0.8031088082901554
1,1.0,0.3539325842696629,0.4205128205128205,0.2732919254658385,0.4205128205128205
