group,response_rate,accurracy,f1,auc
0,1.0,0.6738461538461539,0.7464114832535885,0.6427814413565709
1,1.0,0.6432584269662921,0.6595174262734584,0.6445771619684663
overall,1.0,0.657856093979442,0.7054361567635904,0.6479319869110869
