group,response_rate,stat_parity,equal_odds_tpr,equal_odds_fpr,equal_opportunity
0,1.0,0.683076923076923,0.8082901554404145,0.5,0.8082901554404145
1,1.0,0.5028089887640449,0.6307692307692307,0.34782608695652173,0.6307692307692307
