group,response_rate,accurracy,f1,auc
0,1.0,0.5938461538461538,0.7451737451737451,0.5
1,1.0,0.550561797752809,0.6694214876033058,0.5209746774964167
overall,1.0,0.5712187958883994,0.7085828343313373,0.5154947046198233
