group,response_rate,stat_parity,equal_odds_tpr,equal_odds_fpr,equal_opportunity
0,1.0,0.6369230769230769,0.772020725388601,0.4393939393939394,0.772020725388601
1,1.0,0.3707865168539326,0.49230769230769234,0.2236024844720497,0.49230769230769234
