group,response_rate,accurracy,f1,auc
0,0.9926578560939795,0.5046728971962616,0.5521126760563381,0.5026983487716472
1,0.9926578560939795,0.5295774647887324,0.5793450881612091,0.5229967948717948
overall,0.9926578560939795,0.5177514792899408,0.5664893617021277,0.5121136323030194
