group,response_rate,stat_parity,equal_odds_tpr,equal_odds_fpr,equal_opportunity
0,1.0,0.9507692307692308,0.9637305699481865,0.9318181818181818,0.9637305699481865
1,1.0,0.7752808988764045,0.8205128205128205,0.7204968944099379,0.8205128205128205
