group,response_rate,stat_parity,equal_odds_tpr,equal_odds_fpr,equal_opportunity
0,1.0,0.9107692307692308,0.9430051813471503,0.8636363636363636,0.9430051813471503
1,1.0,0.8117977528089888,0.8512820512820513,0.7639751552795031,0.8512820512820513
