group,response_rate,accurracy,f1,auc
0,1.0,0.6215384615384615,0.7296703296703296,0.5664154498351389
1,1.0,0.5786516853932584,0.5562130177514792,0.5888517279821628
overall,1.0,0.5991189427312775,0.6557377049180327,0.5876112733542098
