group,response_rate,accurracy,f1,auc
0,0.960352422907489,0.5230263157894737,0.5592705167173252,0.527337416681679
1,0.960352422907489,0.5,0.5882352941176471,0.48374868143459915
overall,0.960352422907489,0.5107033639143731,0.5755968169761273,0.4990355233002291
