group,response_rate,accurracy,f1,auc
0,1.0,0.64,0.7587628865979381,0.567593028732925
1,1.0,0.6123595505617978,0.724,0.5790093964007008
overall,1.0,0.6255506607929515,0.7411167512690355,0.5744563878821998
