group,response_rate,accurracy,f1,auc
0,1.0,0.6276923076923077,0.7484407484407485,0.557230334432407
1,1.0,0.5337078651685393,0.35658914728682173,0.5651536868928173
overall,1.0,0.57856093979442,0.6116373477672531,0.5779265331972837
