group,response_rate,accurracy,f1,auc
0,0.9911894273127754,0.49843260188087773,0.5375722543352601,0.5005507955936352
1,0.9911894273127754,0.4550561797752809,0.5025641025641026,0.45003981525720654
overall,0.9911894273127754,0.47555555555555556,0.5190217391304348,0.47218987908643084
