group,response_rate,accurracy,f1,auc
0,0.9882525697503671,0.5583596214511041,0.5953757225433526,0.5607578756391225
1,0.9882525697503671,0.4859550561797753,0.5343511450381679,0.4804108934543717
overall,0.9882525697503671,0.5200594353640416,0.5629228687415426,0.5163680561807868
