group,response_rate,accurracy,f1,auc
0,1.0,0.5815384615384616,0.7312252964426877,0.49442612655047885
1,1.0,0.5617977528089888,0.6964980544747081,0.5241917502787068
overall,1.0,0.5712187958883994,0.7137254901960784,0.5117342809894093
