group,response_rate,stat_parity,equal_odds_tpr,equal_odds_fpr,equal_opportunity
0,1.0,0.7138461538461538,0.8341968911917098,0.5378787878787878,0.8341968911917098
1,1.0,0.398876404494382,0.5230769230769231,0.2484472049689441,0.5230769230769231
