group,response_rate,stat_parity,equal_odds_tpr,equal_odds_fpr,equal_opportunity
0,1.0,0.8861538461538462,0.9326424870466321,0.8181818181818182,0.9326424870466321
1,1.0,0.17696629213483145,0.2358974358974359,0.10559006211180125,0.2358974358974359
