group,response_rate,accurracy,f1,auc
0,1.0,0.5846153846153846,0.7326732673267327,0.49821400533835764
1,1.0,0.5168539325842697,0.6600790513833992,0.4810001592610288
overall,1.0,0.5491923641703378,0.6963402571711177,0.4911509095387213
