group,response_rate,stat_parity,equal_odds_tpr,equal_odds_fpr,equal_opportunity
0,1.0,0.8061538461538461,0.8601036269430051,0.7272727272727273,0.8601036269430051
1,1.0,0.40168539325842695,0.48205128205128206,0.30434782608695654,0.48205128205128206
