group,response_rate,stat_parity,equal_odds_tpr,equal_odds_fpr,equal_opportunity
0,1.0,0.916923076923077,0.9585492227979274,0.8560606060606061,0.9585492227979274
1,1.0,0.3651685393258427,0.4564102564102564,0.2546583850931677,0.4564102564102564
