group,response_rate,stat_parity,equal_odds_tpr,equal_odds_fpr,equal_opportunity
0,1.0,0.9230769230769231,0.9637305699481865,0.8636363636363636,0.9637305699481865
1,1.0,0.8089887640449438,0.8461538461538461,0.7639751552795031,0.8461538461538461
