group,response_rate,accurracy,f1,auc
0,1.0,0.6861538461538461,0.7743362831858407,0.6351860574658503
1,1.0,0.6348314606741573,0.6348314606741573,0.6406752667622234
overall,1.0,0.6593245227606461,0.7128712871287128,0.645878047922311
