group,response_rate,accurracy,f1,auc
0,1.0,0.6430769230769231,0.7542372881355932,0.5785641387972994
1,1.0,0.5926966292134831,0.6960167714884696,0.5653925784360567
overall,1.0,0.6167400881057269,0.7249736564805058,0.57299180183667
