group,response_rate,accurracy,f1,auc
0,1.0,0.6184615384615385,0.743801652892562,0.5458666980687705
1,1.0,0.5842696629213483,0.6929460580912863,0.555534320751712
overall,1.0,0.6005873715124816,0.7184265010351967,0.5529669962351782
