group,response_rate,stat_parity,equal_odds_tpr,equal_odds_fpr,equal_opportunity
0,0.9941262848751835,0.515527950310559,0.5549738219895288,0.4580152671755725,0.5549738219895288
1,0.9941262848751835,0.532394366197183,0.5128205128205128,0.55625,0.5128205128205128
