group,response_rate,stat_parity,equal_odds_tpr,equal_odds_fpr,equal_opportunity
0,1.0,0.8584615384615385,0.9222797927461139,0.7651515151515151,0.9222797927461139
1,1.0,0.7921348314606742,0.8512820512820513,0.7204968944099379,0.8512820512820513
