group,response_rate,stat_parity,equal_odds_tpr,equal_odds_fpr,equal_opportunity
0,1.0,0.8338461538461538,0.8393782383419689,0.8257575757575758,0.8393782383419689
1,1.0,0.8230337078651685,0.8153846153846154,0.8322981366459627,0.8153846153846154
