group,response_rate,stat_parity,equal_odds_tpr,equal_odds_fpr,equal_opportunity
0,1.0,0.7784615384615384,0.844559585492228,0.6818181818181818,0.844559585492228
1,1.0,0.6460674157303371,0.7487179487179487,0.5217391304347826,0.7487179487179487
