group,response_rate,accurracy,f1,auc
0,1.0,0.5353846153846153,0.6308068459657702,0.5046514366462553
1,1.0,0.5280898876404494,0.5757575757575758,0.5221213569039657
overall,1.0,0.5315712187958884,0.6037267080745342,0.516216002251856
