group,response_rate,stat_parity,equal_odds_tpr,equal_odds_fpr,equal_opportunity
0,1.0,0.8307692307692308,0.8808290155440415,0.7575757575757576,0.8808290155440415
1,1.0,0.5674157303370787,0.7025641025641025,0.40372670807453415,0.7025641025641025
