group,response_rate,stat_parity,equal_odds_tpr,equal_odds_fpr,equal_opportunity
0,1.0,0.963076923076923,0.9585492227979274,0.9696969696969697,0.9585492227979274
1,1.0,0.8960674157303371,0.9179487179487179,0.8695652173913043,0.9179487179487179
