group,response_rate,stat_parity,equal_odds_tpr,equal_odds_fpr,equal_opportunity
0,1.0,0.7507692307692307,0.8704663212435233,0.5757575757575758,0.8704663212435233
1,1.0,0.4887640449438202,0.5948717948717949,0.36024844720496896,0.5948717948717949
