group,response_rate,stat_parity,equal_odds_tpr,equal_odds_fpr,equal_opportunity
0,1.0,0.84,0.9222797927461139,0.7196969696969697,0.9222797927461139
1,1.0,0.8033707865168539,0.9025641025641026,0.6832298136645962,0.9025641025641026
