group,response_rate,accurracy,f1,auc
0,1.0,0.676923076923077,0.7661469933184856,0.6274140367404617
1,1.0,0.5730337078651685,0.680672268907563,0.545819397993311
overall,1.0,0.6226138032305433,0.7221621621621621,0.583995988881461
