group,response_rate,accurracy,f1,auc
0,1.0,0.6307692307692307,0.7309417040358744,0.5813707018370231
1,1.0,0.6264044943820225,0.6870588235294117,0.6134894091415831
overall,1.0,0.6284875183553598,0.7095292766934558,0.6012675486436085
