group,response_rate,stat_parity,equal_odds_tpr,equal_odds_fpr,equal_opportunity
0,1.0,0.7692307692307693,0.8704663212435233,0.6212121212121212,0.8704663212435233
1,1.0,0.7808988764044944,0.8307692307692308,0.7204968944099379,0.8307692307692308
