group,response_rate,accurracy,f1,auc
0,1.0,0.6276923076923077,0.7535641547861507,0.5512443083686607
1,1.0,0.5870786516853933,0.5476923076923077,0.6008759356585444
overall,1.0,0.6064610866372981,0.6715686274509803,0.5902941486928679
