group,response_rate,stat_parity,equal_odds_tpr,equal_odds_fpr,equal_opportunity
0,1.0,0.7353846153846154,0.8497409326424871,0.5681818181818182,0.8497409326424871
1,1.0,0.37359550561797755,0.4666666666666667,0.2608695652173913,0.4666666666666667
