group,response_rate,stat_parity,equal_odds_tpr,equal_odds_fpr,equal_opportunity
0,1.0,1.0,1.0,1.0,1.0
1,1.0,0.8089887640449438,0.8358974358974359,0.7763975155279503,0.8358974358974359
