group,response_rate,stat_parity,equal_odds_tpr,equal_odds_fpr,equal_opportunity
0,1.0,0.96,0.9585492227979274,0.9621212121212122,0.9585492227979274
1,1.0,0.8735955056179775,0.8564102564102564,0.8944099378881988,0.8564102564102564
