group,response_rate,accurracy,f1,auc
0,0.9970631424375918,0.5603715170278638,0.6321243523316062,0.5428991730279897
1,0.9970631424375918,0.5561797752808989,0.5948717948717949,0.5520942825290652
overall,0.9970631424375918,0.5581737849779087,0.6134020618556701,0.5489318962160632
