group,response_rate,accurracy,f1,auc
0,1.0,0.5938461538461538,0.7401574803149606,0.5059860260637462
1,1.0,0.5252808988764045,0.6167800453514739,0.5071030418856506
overall,1.0,0.5580029368575624,0.6828240252897787,0.5130889131276168
