group,response_rate,accurracy,f1,auc
0,1.0,0.6707692307692308,0.7584650112866818,0.6246271000157011
1,1.0,0.5814606741573034,0.6849894291754757,0.5551361681796465
overall,1.0,0.6240822320117474,0.7205240174672489,0.5873737729143943
