group,response_rate,stat_parity,equal_odds_tpr,equal_odds_fpr,equal_opportunity
0,0.9882525697503671,0.49842271293375395,0.5478723404255319,0.4263565891472868,0.5478723404255319
1,0.9882525697503671,0.5561797752808989,0.5384615384615384,0.577639751552795,0.5384615384615384
