group,response_rate,stat_parity,equal_odds_tpr,equal_odds_fpr,equal_opportunity
0,1.0,0.7938461538461539,0.8860103626943006,0.6590909090909091,0.8860103626943006
1,1.0,0.7724719101123596,0.8307692307692308,0.7018633540372671,0.8307692307692308
