group,response_rate,accurracy,f1,auc
0,1.0,0.6153846153846154,0.7443762781186094,0.5396844088553934
1,1.0,0.5730337078651685,0.6859504132231405,0.5436534480012741
overall,1.0,0.593245227606461,0.7153134635149023,0.5440167481791632
