group,response_rate,accurracy,f1,auc
0,1.0,0.6123076923076923,0.7110091743119266,0.5682210708117443
1,1.0,0.5589887640449438,0.5109034267912772,0.573610447523491
overall,1.0,0.5844346549192364,0.6261558784676354,0.5801563984377749
