group,response_rate,accurracy,f1,auc
0,1.0,0.683076923076923,0.7518072289156627,0.6541450777202072
1,1.0,0.6404494382022472,0.6577540106951871,0.6414715719063545
overall,1.0,0.6607929515418502,0.7072243346007605,0.6513449561943634
