group,response_rate,stat_parity,equal_odds_tpr,equal_odds_fpr,equal_opportunity
0,1.0,0.6646153846153846,0.6683937823834197,0.6590909090909091,0.6683937823834197
1,1.0,0.5646067415730337,0.5846153846153846,0.5403726708074534,0.5846153846153846
