group,response_rate,accurracy,f1,auc
0,1.0,0.6892307692307692,0.7688787185354691,0.6473543727429738
1,1.0,0.6151685393258427,0.6287262872628726,0.617311673833413
overall,1.0,0.6505139500734214,0.7047146401985112,0.6373104394637769
