group,response_rate,accurracy,f1,auc
0,1.0,0.6215384615384615,0.734341252699784,0.561626628984142
1,1.0,0.6544943820224719,0.690176322418136,0.6494186972447842
overall,1.0,0.6387665198237885,0.713953488372093,0.6140485908307237
