group,response_rate,stat_parity,equal_odds_tpr,equal_odds_fpr,equal_opportunity
0,1.0,0.7692307692307693,0.8652849740932642,0.6287878787878788,0.8652849740932642
1,1.0,0.4887640449438202,0.6,0.35403726708074534,0.6
