group,response_rate,accurracy,f1,auc
0,1.0,0.6861538461538461,0.745,0.6663133929973308
1,1.0,0.6207865168539326,0.5871559633027523,0.6343526039178213
overall,1.0,0.6519823788546255,0.6740027510316369,0.655312093170543
