group,response_rate,accurracy,f1,auc
0,1.0,0.5938461538461538,0.7451737451737451,0.5
1,1.0,0.547752808988764,0.7078039927404719,0.5
overall,1.0,0.5697503671071953,0.725912067352666,0.5
