,category,model,context_condition,new_bias_score,accuracy,acc_bias
0,Religion,llama7b,ambig,-0.25,0.14285714285714285,-21.42857142857143
1,Religion,llama7b,disambig,-0.7142857142857143,0.2857142857142857,-71.42857142857143
