,category,model,context_condition,new_bias_score,accuracy,acc_bias
0,Race_x_gender,llama7b,ambig,0.006896551724137945,0.292817679558011,0.4877119451324071
1,Race_x_gender,llama7b,disambig,-0.3695652173913043,0.48514851485148514,-36.95652173913043
