,category,model,context_condition,new_bias_score,accuracy,acc_bias
0,Race_x_SES,llama7b,ambig,-0.0864197530864198,0.21739130434782608,-6.763285024154593
1,Race_x_SES,llama7b,disambig,-0.18681318681318682,0.45454545454545453,-18.681318681318682
