,category,model,context_condition,new_bias_score,accuracy,acc_bias
0,Disability_status,llama7b,ambig,0.33333333333333326,0.2857142857142857,23.809523809523807
1,Disability_status,llama7b,disambig,-0.6363636363636364,0.17647058823529413,-63.63636363636363
