,category,model,context_condition,new_bias_score,accuracy,acc_bias
0,Disability_status,llama7b,ambig,0.1428571428571428,0.3333333333333333,9.52380952380952
1,Disability_status,llama7b,disambig,-0.8181818181818181,0.23529411764705882,-81.81818181818181
