,category,model,context_condition,new_bias_score,accuracy,acc_bias
0,Sexual_orientation,llama7b,ambig,-0.33333333333333337,0.1111111111111111,-29.629629629629633
1,Sexual_orientation,llama7b,disambig,-0.6666666666666667,0.3333333333333333,-66.66666666666667
