,category,model,context_condition,new_bias_score,accuracy,acc_bias
0,Gender_identity,llama7b,ambig,-0.03448275862068961,0.41304347826086957,-2.023988005996999
1,Gender_identity,llama7b,disambig,-0.19999999999999996,0.3333333333333333,-19.999999999999996
