,category,model,context_condition,new_bias_score,accuracy,acc_bias
0,Physical_appearance,llama7b,ambig,0.07692307692307687,0.26666666666666666,5.641025641025638
1,Physical_appearance,llama7b,disambig,-0.33333333333333337,0.3333333333333333,-33.333333333333336
