,category,model,context_condition,new_bias_score,accuracy,acc_bias
0,Race_ethnicity,llama7b,ambig,-0.5428571428571429,0.2608695652173913,-40.12422360248448
1,Race_ethnicity,llama7b,disambig,-0.1428571428571429,0.5348837209302325,-14.28571428571429
