,category,model,context_condition,new_bias_score,accuracy,acc_bias
0,Race_x_gender,llama7b,ambig,-0.17333333333333334,0.3037974683544304,-12.067510548523206
1,Race_x_gender,llama7b,disambig,-0.2272727272727273,0.4392523364485981,-22.72727272727273
