,category,model,context_condition,new_bias_score,accuracy,acc_bias
0,Race_x_SES,llama7b,ambig,-0.19999999999999996,0.21621621621621623,-15.67567567567567
1,Race_x_SES,llama7b,disambig,-0.12765957446808507,0.47474747474747475,-12.765957446808507
