,category,model,context_condition,new_bias_score,accuracy,acc_bias
0,Race_x_gender,llama7b,ambig,0.08108108108108114,0.2702702702702703,5.916727538349164
1,Race_x_gender,llama7b,disambig,-0.2183908045977011,0.4909090909090909,-21.83908045977011
