,category,model,context_condition,new_bias_score,accuracy,acc_bias
0,Race_x_SES,llama7b,ambig,-0.3978494623655914,0.6624203821656051,-13.430586946099583
1,Race_x_SES,llama7b,disambig,-0.10344827586206895,0.26732673267326734,-10.344827586206895
