,category,model,context_condition,new_bias_score,accuracy,acc_bias
0,Race_x_gender,llama7b,ambig,-0.10828025477707004,0.23563218390804597,-8.27659418698294
1,Race_x_gender,llama7b,disambig,-0.37349397590361444,0.4095238095238095,-37.34939759036144
