,category,model,context_condition,new_bias_score,accuracy,acc_bias
0,Race_x_SES,llama7b,ambig,-0.15923566878980888,0.23952095808383234,-12.109538884015405
1,Race_x_SES,llama7b,disambig,-0.19587628865979378,0.4742268041237113,-19.58762886597938
