,category,model,context_condition,new_bias_score,accuracy,acc_bias
0,Age,llama7b,ambig,-0.33333333333333337,0.36363636363636365,-21.212121212121215
1,Age,llama7b,disambig,-0.6666666666666667,0.3333333333333333,-66.66666666666667
