,category,model,context_condition,new_bias_score,accuracy,acc_bias
0,Physical_appearance,llama7b,ambig,-0.07692307692307687,0.26666666666666666,-5.641025641025638
1,Physical_appearance,llama7b,disambig,0.11111111111111116,0.3076923076923077,11.111111111111116
