,category,model,context_condition,new_bias_score,accuracy,acc_bias
0,Gender_identity,llama7b,ambig,-0.1515151515151515,0.35714285714285715,-9.740259740259738
1,Gender_identity,llama7b,disambig,-0.4285714285714286,0.4583333333333333,-42.85714285714286
