,category,model,context_condition,new_bias_score,accuracy,acc_bias
0,Race_x_gender,llama7b,ambig,0.0596026490066226,0.25,4.470198675496695
1,Race_x_gender,llama7b,disambig,-0.2558139534883721,0.44954128440366975,-25.581395348837212
