,category,model,context_condition,new_bias_score,accuracy,acc_bias
0,Race_x_gender,llama7b,ambig,-0.24137931034482762,0.7608695652173914,-5.772113943028486
1,Race_x_gender,llama7b,disambig,-0.19999999999999996,0.24271844660194175,-19.999999999999996
