,category,model,context_condition,new_bias_score,accuracy,acc_bias
0,Race_ethnicity,llama7b,ambig,-0.8048780487804879,0.6949152542372882,-24.555601488218272
1,Race_ethnicity,llama7b,disambig,0.0714285714285714,0.23076923076923078,7.14285714285714
