,category,model,context_condition,new_bias_score,accuracy,acc_bias
0,Race_ethnicity,llama7b,ambig,-0.20588235294117652,0.21875,-16.084558823529417
1,Race_ethnicity,llama7b,disambig,-0.023255813953488413,0.3673469387755102,-2.3255813953488413
