,category,model,context_condition,new_bias_score,accuracy,acc_bias
0,Race_x_gender,llama7b,ambig,-0.07284768211920534,0.26704545454545453,-5.339403973509936
1,Race_x_gender,llama7b,disambig,-0.3258426966292135,0.45045045045045046,-32.58426966292135
