,category,model,context_condition,new_bias_score,accuracy,acc_bias
0,Race_x_SES,llama7b,ambig,-0.3763440860215054,0.6582278481012658,-12.862392813393223
1,Race_x_SES,llama7b,disambig,-0.0847457627118644,0.28431372549019607,-8.47457627118644
