,category,model,context_condition,new_bias_score,accuracy,acc_bias
0,Race_x_gender,llama7b,ambig,-0.11864406779661019,0.7595628415300546,-2.852644253033251
1,Race_x_gender,llama7b,disambig,-0.34545454545454546,0.23300970873786409,-34.54545454545455
