,category,model,context_condition,new_bias_score,accuracy,acc_bias
0,Disability_status,llama7b,ambig,-0.33333333333333337,0.8571428571428571,-4.761904761904764
1,Disability_status,llama7b,disambig,-0.4285714285714286,0.23529411764705882,-42.85714285714286
