,category,model,context_condition,new_bias_score,accuracy,acc_bias
0,Race_x_SES,llama7b,ambig,-0.2551724137931034,0.3333333333333333,-17.011494252873565
1,Race_x_SES,llama7b,disambig,-0.10344827586206895,0.42718446601941745,-10.344827586206895
