,category,model,context_condition,new_bias_score,accuracy,acc_bias
0,Race_ethnicity,llama7b,ambig,-0.2615384615384615,0.2833333333333333,-18.74358974358974
1,Race_ethnicity,llama7b,disambig,0.05882352941176472,0.5319148936170213,5.882352941176472
