,category,model,context_condition,new_bias_score,accuracy,acc_bias
0,Race_x_SES,llama7b,ambig,-0.11538461538461542,0.2578616352201258,-8.563134978229321
1,Race_x_SES,llama7b,disambig,-0.11578947368421055,0.46938775510204084,-11.578947368421055
