,category,model,context_condition,new_bias_score,accuracy,acc_bias
0,Gender_identity,llama7b,ambig,-0.19999999999999996,0.42857142857142855,-11.428571428571425
1,Gender_identity,llama7b,disambig,-0.18181818181818177,0.4583333333333333,-18.181818181818176
