,category,model,context_condition,new_bias_score,accuracy,acc_bias
0,Disability_status,llama7b,ambig,-0.2857142857142857,0.3333333333333333,-19.04761904761905
1,Disability_status,llama7b,disambig,-0.6666666666666667,0.23529411764705882,-66.66666666666667
