,category,model,context_condition,new_bias_score,accuracy,acc_bias
0,Race_ethnicity,llama7b,ambig,-0.41538461538461535,0.27419354838709675,-30.148883374689824
1,Race_ethnicity,llama7b,disambig,-0.06382978723404253,0.46938775510204084,-6.382978723404253
