,category,model,context_condition,new_bias_score,accuracy,acc_bias
0,Race_x_SES,llama7b,ambig,-0.33333333333333337,0.6666666666666666,-11.111111111111112
1,Race_x_SES,llama7b,disambig,-0.01754385964912286,0.24271844660194175,-1.7543859649122862
