,category,model,context_condition,new_bias_score,accuracy,acc_bias
0,Race_x_gender,llama7b,ambig,-0.28378378378378377,0.31645569620253167,-19.397878891549777
1,Race_x_gender,llama7b,disambig,-0.33333333333333337,0.4807692307692308,-33.333333333333336
