,category,model,context_condition,new_bias_score,accuracy,acc_bias
0,Race_x_SES,llama7b,ambig,-0.34090909090909094,0.6987179487179487,-10.270979020979023
1,Race_x_SES,llama7b,disambig,-0.14814814814814814,0.24509803921568626,-14.814814814814813
