,category,model,context_condition,new_bias_score,accuracy,acc_bias
0,Race_x_SES,llama7b,ambig,-0.3763440860215054,0.6624203821656051,-12.704609273337445
1,Race_x_SES,llama7b,disambig,-0.03703703703703709,0.24509803921568626,-3.703703703703709
