group,response_rate,accurracy,f1,auc
1,1.0,0.6,0.75,0.5
0,1.0,0.15789473684210525,0.2727272727272727,0.5
overall,1.0,0.4576271186440678,0.627906976744186,0.5
