group,response_rate,accurracy,f1,auc
1,1.0,0.725,0.7843137254901961,0.6979166666666667
0,1.0,0.7894736842105263,0.6,0.875
overall,1.0,0.7457627118644068,0.7540983606557377,0.7540509259259258
