group,response_rate,accurracy,f1,auc
1,1.0,0.75,0.7916666666666666,0.7395833333333333
0,1.0,0.8947368421052632,0.75,0.9375
overall,1.0,0.7966101694915254,0.7857142857142857,0.7980324074074074
