group,response_rate,accurracy,f1,auc
1,1.0,0.775,0.8163265306122449,0.7604166666666667
0,1.0,0.8947368421052632,0.75,0.9375
overall,1.0,0.8135593220338984,0.8070175438596491,0.8165509259259259
