group,response_rate,accurracy,f1,auc
1,1.0,0.75,0.8275862068965517,0.6875
0,1.0,0.3157894736842105,0.3157894736842105,0.59375
overall,1.0,0.6101694915254238,0.7012987012987013,0.640625
