group,response_rate,accurracy,f1,auc
1,1.0,0.85,0.88,0.8333333333333334
0,1.0,0.8421052631578947,0.6666666666666666,0.90625
overall,1.0,0.847457627118644,0.847457627118644,0.853587962962963
