group,response_rate,accurracy,f1,auc
1,1.0,0.75,0.8076923076923077,0.71875
0,1.0,0.8421052631578947,0.6666666666666666,0.90625
overall,1.0,0.7796610169491526,0.7868852459016393,0.7881944444444444
