group,response_rate,accurracy,f1,auc
1,1.0,0.9,0.9130434782608695,0.90625
0,1.0,0.8947368421052632,0.75,0.9375
overall,1.0,0.8983050847457628,0.8888888888888888,0.8975694444444444
