group,response_rate,accurracy,f1,auc
1,1.0,0.775,0.8301886792452831,0.7395833333333333
0,1.0,0.7894736842105263,0.6,0.875
overall,1.0,0.7796610169491526,0.7936507936507936,0.791087962962963
