group,response_rate,accurracy,f1,auc
1,1.0,0.75,0.8275862068965517,0.6875
0,1.0,0.2631578947368421,0.3,0.5625
overall,1.0,0.5932203389830508,0.6923076923076923,0.625
