group,response_rate,accurracy,f1,auc
1,0.9491525423728814,0.725,0.8070175438596491,0.6666666666666667
0,0.9491525423728814,0.1875,0.13333333333333333,0.5666666666666667
overall,0.9491525423728814,0.5714285714285714,0.6666666666666666,0.6090322580645161
