group,response_rate,accurracy,f1,auc
1,1.0,0.6,0.75,0.5
0,1.0,0.2631578947368421,0.3,0.5625
overall,1.0,0.4915254237288136,0.6428571428571429,0.53125
