group,response_rate,accurracy,f1,auc
1,1.0,0.725,0.8135593220338984,0.65625
0,1.0,0.3157894736842105,0.3157894736842105,0.59375
overall,1.0,0.5932203389830508,0.6923076923076923,0.625
