group,response_rate,accurracy,f1,auc
1,1.0,0.725,0.8135593220338984,0.65625
0,1.0,0.3684210526315789,0.3333333333333333,0.625
overall,1.0,0.6101694915254238,0.7012987012987013,0.640625
