group,response_rate,accurracy,f1,auc
1,1.0,0.725,0.8135593220338984,0.65625
0,1.0,0.2631578947368421,0.3,0.5625
overall,1.0,0.576271186440678,0.6835443037974683,0.609375
