group,response_rate,accurracy,f1,auc
1,1.0,0.7,0.76,0.6770833333333333
0,1.0,0.8421052631578947,0.6666666666666666,0.90625
overall,1.0,0.7457627118644068,0.7457627118644068,0.7511574074074073
