group,response_rate,accurracy,f1,auc
1,1.0,0.75,0.8,0.7291666666666667
0,1.0,0.8947368421052632,0.75,0.9375
overall,1.0,0.7966101694915254,0.7931034482758621,0.8009259259259259
