group,response_rate,accurracy,f1,auc
1,1.0,0.875,0.8936170212765957,0.875
0,1.0,0.8947368421052632,0.75,0.9375
overall,1.0,0.8813559322033898,0.8727272727272727,0.8819444444444444
