group,response_rate,accurracy,f1,auc
1,1.0,0.85,0.8695652173913043,0.8541666666666667
0,1.0,0.7894736842105263,0.6,0.875
overall,1.0,0.8305084745762712,0.8214285714285714,0.8321759259259258
