group,response_rate,accurracy,f1,auc
1,1.0,0.725,0.7843137254901961,0.6979166666666667
0,1.0,0.8421052631578947,0.5714285714285714,0.7708333333333333
overall,1.0,0.7627118644067796,0.7586206896551724,0.7667824074074074
