group,response_rate,accurracy,f1,auc
1,1.0,0.7,0.7931034482758621,0.6354166666666667
0,1.0,0.2631578947368421,0.3,0.5625
overall,1.0,0.559322033898305,0.6666666666666666,0.5908564814814814
