group,response_rate,accurracy,f1,auc
1,1.0,0.875,0.9019607843137255,0.8541666666666666
0,1.0,0.8421052631578947,0.6666666666666666,0.90625
overall,1.0,0.864406779661017,0.8666666666666667,0.8721064814814814
