group,response_rate,accurracy,f1,auc
1,1.0,0.775,0.8235294117647058,0.75
0,1.0,0.8421052631578947,0.6666666666666666,0.90625
overall,1.0,0.7966101694915254,0.8,0.8038194444444444
