group,response_rate,accurracy,f1,auc
1,1.0,0.8,0.84,0.78125
0,1.0,0.7894736842105263,0.6,0.875
overall,1.0,0.7966101694915254,0.8,0.8038194444444444
