group,response_rate,accurracy,f1,auc
1,1.0,0.725,0.7659574468085106,0.71875
0,1.0,0.8421052631578947,0.6666666666666666,0.90625
overall,1.0,0.7627118644067796,0.75,0.7638888888888888
