group,response_rate,accurracy,f1,auc
1,1.0,0.775,0.8085106382978723,0.7708333333333334
0,1.0,0.9473684210526315,0.8571428571428571,0.96875
overall,1.0,0.8305084745762712,0.8148148148148148,0.8292824074074074
