group,response_rate,accurracy,f1,auc
1,1.0,0.75,0.8275862068965517,0.6875
0,1.0,0.3684210526315789,0.3333333333333333,0.625
overall,1.0,0.6271186440677966,0.7105263157894737,0.65625
