group,response_rate,accurracy,f1,auc
1,1.0,0.825,0.851063829787234,0.8229166666666667
0,1.0,0.8947368421052632,0.75,0.9375
overall,1.0,0.847457627118644,0.8363636363636363,0.8478009259259259
