group,response_rate,accurracy,f1,auc
1,1.0,0.725,0.8135593220338984,0.65625
0,1.0,0.42105263157894735,0.35294117647058826,0.65625
overall,1.0,0.6271186440677966,0.7105263157894737,0.65625
