group,response_rate,accurracy,f1,auc
1,1.0,0.775,0.8085106382978723,0.7708333333333334
0,1.0,0.8947368421052632,0.75,0.9375
overall,1.0,0.8135593220338984,0.8,0.8136574074074074
