group,response_rate,stat_parity,equal_odds_tpr,equal_odds_fpr,equal_opportunity
1,0.9491525423728814,0.825,0.9583333333333334,0.625,0.9583333333333334
0,0.9491525423728814,0.875,1.0,0.8666666666666667,1.0
