group,response_rate,stat_parity,equal_odds_tpr,equal_odds_fpr,equal_opportunity
1,1.0,0.675,0.9583333333333334,0.25,0.9583333333333334
0,1.0,0.3157894736842105,1.0,0.1875,1.0
