group,response_rate,stat_parity,equal_odds_tpr,equal_odds_fpr,equal_opportunity
1,1.0,0.725,0.9166666666666666,0.4375,0.9166666666666666
0,1.0,0.3684210526315789,1.0,0.25,1.0
