group,response_rate,stat_parity,equal_odds_tpr,equal_odds_fpr,equal_opportunity
1,1.0,0.65,0.7916666666666666,0.4375,0.7916666666666666
0,1.0,0.3157894736842105,1.0,0.1875,1.0
