group,response_rate,stat_parity,equal_odds_tpr,equal_odds_fpr,equal_opportunity
1,1.0,0.575,0.7916666666666666,0.25,0.7916666666666666
0,1.0,0.21052631578947367,1.0,0.0625,1.0
