group,response_rate,stat_parity,equal_odds_tpr,equal_odds_fpr,equal_opportunity
1,1.0,0.85,0.9583333333333334,0.6875,0.9583333333333334
0,1.0,0.8947368421052632,1.0,0.875,1.0
