group,response_rate,stat_parity,equal_odds_tpr,equal_odds_fpr,equal_opportunity
1,1.0,0.675,0.8333333333333334,0.4375,0.8333333333333334
0,1.0,0.21052631578947367,0.6666666666666666,0.125,0.6666666666666666
