group,response_rate,stat_parity,equal_odds_tpr,equal_odds_fpr,equal_opportunity
1,1.0,0.55,0.8333333333333334,0.125,0.8333333333333334
0,1.0,0.3684210526315789,1.0,0.25,1.0
