,bias_type,stereo_antistereo,new_bias_score,accuracy,acc_bias
0,age,antistereo,-0.6,0.55,-60.0
1,disability,antistereo,-0.19999999999999996,0.6,-19.999999999999996
2,gender,antistereo,0.3035714285714286,0.2923076923076923,30.35714285714286
3,nationality,antistereo,0.07692307692307687,0.4,7.692307692307687
4,physical-appearance,antistereo,0.5238095238095237,0.2,52.38095238095237
5,race-color,antistereo,-0.41463414634146345,0.56,-41.463414634146346
6,religion,antistereo,-0.19999999999999996,0.6,-19.999999999999996
7,sexual-orientation,antistereo,0.23076923076923084,0.26666666666666666,23.076923076923084
8,socioeconomic,antistereo,0.6000000000000001,0.16,60.00000000000001
