,bias_type,stereo_antistereo,new_bias_score,accuracy,acc_bias
0,age,antistereo,-0.5,0.55,-50.0
1,disability,antistereo,-1.0,1.0,-100.0
2,gender,antistereo,-0.52,0.6846153846153846,-52.0
3,nationality,antistereo,-0.8333333333333334,0.6666666666666666,-83.33333333333334
4,physical-appearance,antistereo,-0.5238095238095238,0.6,-52.38095238095239
5,race-color,antistereo,-0.8,0.54,-80.0
6,religion,antistereo,-0.6,0.8,-60.0
7,sexual-orientation,antistereo,-0.06666666666666665,0.5333333333333333,-6.666666666666665
8,socioeconomic,antistereo,-0.6190476190476191,0.64,-61.904761904761905
