,bias_type,stereo_antistereo,new_bias_score,accuracy,acc_bias
0,age,antistereo,0.0,0.45,0.0
1,disability,antistereo,-0.19999999999999996,0.6,-19.999999999999996
2,gender,antistereo,-0.10399999999999998,0.5307692307692308,-10.399999999999999
3,nationality,antistereo,0.0,0.4666666666666667,0.0
4,physical-appearance,antistereo,0.1428571428571428,0.36,14.28571428571428
5,race-color,antistereo,-0.5,0.52,-50.0
6,religion,antistereo,-0.6,0.8,-60.0
7,sexual-orientation,antistereo,0.8461538461538463,0.06666666666666667,84.61538461538463
8,socioeconomic,antistereo,-0.16666666666666663,0.56,-16.666666666666664
