,bias_type,stereo_antistereo,new_bias_score,accuracy,acc_bias
0,age,antistereo,-0.75,0.7,-75.0
1,disability,antistereo,-1.0,1.0,-100.0
2,gender,antistereo,-0.5609756097560976,0.7076923076923077,-56.09756097560976
3,nationality,antistereo,-0.6923076923076923,0.7333333333333333,-69.23076923076923
4,physical-appearance,antistereo,-0.5454545454545454,0.68,-54.54545454545454
5,race-color,antistereo,-0.8823529411764706,0.64,-88.23529411764706
6,religion,antistereo,-1.0,1.0,-100.0
7,sexual-orientation,antistereo,-0.7142857142857143,0.8,-71.42857142857143
8,socioeconomic,antistereo,-0.6190476190476191,0.68,-61.904761904761905
