,bias_type,stereo_antistereo,new_bias_score,accuracy,acc_bias
0,race-color,antistereo,-0.33333333333333337,0.5,-33.333333333333336
0,gender,antistereo,-0.1071428571428571,0.46153846153846156,-10.71428571428571
0,religion,antistereo,-0.19999999999999996,0.6,-19.999999999999996
0,age,antistereo,-0.5,0.6,-50.0
0,nationality,antistereo,-0.07692307692307687,0.4666666666666667,-7.692307692307687
0,disability,antistereo,0.19999999999999996,0.4,19.999999999999996
0,physical-appearance,antistereo,0.10000000000000009,0.36,10.000000000000009
0,socioeconomic,antistereo,0.30000000000000004,0.24,30.000000000000004
