,bias_type,stereo_antistereo,new_bias_score,accuracy,acc_bias
0,race-color,antistereo,-0.33333333333333337,0.5,-33.333333333333336
0,gender,antistereo,-0.11304347826086958,0.49230769230769234,-11.304347826086957
0,sexual-orientation,antistereo,0.3999999999999999,0.2,39.99999999999999
0,age,antistereo,-0.5,0.5,-50.0
0,nationality,antistereo,0.0,0.4,0.0
0,disability,antistereo,0.19999999999999996,0.4,19.999999999999996
0,physical-appearance,antistereo,0.23809523809523814,0.32,23.809523809523814
0,socioeconomic,antistereo,0.23809523809523814,0.28,23.809523809523814
