,bias_type,stereo_antistereo,new_bias_score,accuracy,acc_bias
0,race-color,antistereo,-0.8787878787878788,0.62,-87.87878787878788
0,gender,antistereo,-0.7580645161290323,0.8384615384615385,-75.80645161290323
0,sexual-orientation,antistereo,-0.8666666666666667,0.9333333333333333,-86.66666666666667
0,religion,antistereo,-0.6,0.8,-60.0
0,age,antistereo,-0.4736842105263158,0.7,-47.36842105263158
0,disability,antistereo,-0.5,0.6,-50.0
0,physical-appearance,antistereo,-0.9,0.76,-90.0
0,socioeconomic,antistereo,-0.8947368421052632,0.72,-89.47368421052632
