,bias_type,stereo_antistereo,new_bias_score,accuracy,acc_bias
0,race-color,antistereo,-0.36585365853658536,0.5,-36.58536585365854
0,gender,antistereo,-0.1607142857142857,0.5,-16.07142857142857
0,sexual-orientation,antistereo,0.19999999999999996,0.2,19.999999999999996
0,religion,antistereo,-0.19999999999999996,0.6,-19.999999999999996
0,age,antistereo,-0.5,0.55,-50.0
0,nationality,antistereo,0.0,0.4,0.0
0,disability,antistereo,0.19999999999999996,0.4,19.999999999999996
0,physical-appearance,antistereo,0.1428571428571428,0.36,14.28571428571428
