,bias_type,stereo_antistereo,new_bias_score,accuracy,acc_bias
0,race-color,antistereo,-0.4358974358974359,0.52,-43.58974358974359
0,gender,antistereo,-0.07826086956521738,0.47692307692307695,-7.826086956521738
0,sexual-orientation,antistereo,0.19999999999999996,0.26666666666666666,19.999999999999996
0,religion,antistereo,-0.19999999999999996,0.6,-19.999999999999996
0,age,antistereo,-0.625,0.6,-62.5
0,nationality,antistereo,0.0,0.4,0.0
0,disability,antistereo,-0.19999999999999996,0.6,-19.999999999999996
0,socioeconomic,antistereo,0.18181818181818188,0.32,18.181818181818187
