,bias_type,stereo_antistereo,new_bias_score,accuracy,acc_bias
0,race-color,antistereo,-0.4,0.54,-40.0
0,gender,antistereo,-0.1454545454545455,0.4846153846153846,-14.54545454545455
0,sexual-orientation,antistereo,0.3999999999999999,0.2,39.99999999999999
0,religion,antistereo,-0.19999999999999996,0.6,-19.999999999999996
0,age,antistereo,-0.4666666666666667,0.5,-46.666666666666664
0,disability,antistereo,0.19999999999999996,0.4,19.999999999999996
0,physical-appearance,antistereo,0.2727272727272727,0.32,27.27272727272727
0,socioeconomic,antistereo,0.3999999999999999,0.2,39.99999999999999
