,bias_type,stereo_antistereo,new_bias_score,accuracy,acc_bias
0,race-color,antistereo,-0.8823529411764706,0.64,-88.23529411764706
0,gender,antistereo,-0.7723577235772358,0.8384615384615385,-77.23577235772358
0,sexual-orientation,antistereo,-0.8666666666666667,0.9333333333333333,-86.66666666666667
0,religion,antistereo,-0.6,0.8,-60.0
0,age,antistereo,-0.5555555555555556,0.7,-55.55555555555556
0,nationality,antistereo,-0.6923076923076923,0.7333333333333333,-69.23076923076923
0,disability,antistereo,-0.6,0.8,-60.0
0,socioeconomic,antistereo,-0.9047619047619048,0.8,-90.47619047619048
