,bias_type,stereo_antistereo,new_bias_score,accuracy,acc_bias
0,gender,antistereo,-0.8240000000000001,0.8769230769230769,-82.4
0,sexual-orientation,antistereo,-0.8666666666666667,0.9333333333333333,-86.66666666666667
0,religion,antistereo,-1.0,1.0,-100.0
0,age,antistereo,-0.5555555555555556,0.7,-55.55555555555556
0,nationality,antistereo,-0.6923076923076923,0.7333333333333333,-69.23076923076923
0,disability,antistereo,-0.6,0.8,-60.0
0,physical-appearance,antistereo,-0.8,0.72,-80.0
0,socioeconomic,antistereo,-0.9130434782608696,0.88,-91.30434782608697
