,bias_type,stereo_antistereo,new_bias_score,accuracy,acc_bias
0,race-color,antistereo,-0.8787878787878788,0.62,-87.87878787878788
0,gender,antistereo,-0.7868852459016393,0.8384615384615385,-78.68852459016394
0,sexual-orientation,antistereo,-0.8666666666666667,0.9333333333333333,-86.66666666666667
0,religion,antistereo,-0.6,0.8,-60.0
0,age,antistereo,-0.4736842105263158,0.7,-47.36842105263158
0,nationality,antistereo,-0.8571428571428572,0.8666666666666667,-85.71428571428572
0,physical-appearance,antistereo,-0.9,0.76,-90.0
0,socioeconomic,antistereo,-0.9,0.76,-90.0
