,bias_type,stereo_antistereo,new_bias_score,accuracy,acc_bias
0,gender,antistereo,-0.0892857142857143,0.46153846153846156,-8.92857142857143
0,sexual-orientation,antistereo,0.23076923076923084,0.26666666666666666,23.076923076923084
0,religion,antistereo,-0.19999999999999996,0.6,-19.999999999999996
0,age,antistereo,-0.4117647058823529,0.55,-41.17647058823529
0,nationality,antistereo,-0.07692307692307687,0.4666666666666667,-7.692307692307687
0,disability,antistereo,-0.19999999999999996,0.6,-19.999999999999996
0,physical-appearance,antistereo,0.09090909090909083,0.4,9.090909090909083
0,socioeconomic,antistereo,0.10000000000000009,0.32,10.000000000000009
