,category,model,context_condition,new_bias_score,accuracy,acc_bias
0,Gender_identity,llama7b,ambig,0.04347826086956519,0.3695652173913043,2.741020793950849
1,Gender_identity,llama7b,disambig,0.2941176470588236,0.391304347826087,29.41176470588236
