,category,model,context_condition,new_bias_score,accuracy,acc_bias
0,Age,llama7b,ambig,0.1428571428571428,0.46153846153846156,7.692307692307689
1,Age,llama7b,disambig,1.0,0.3333333333333333,100.0
