,category,model,context_condition,new_bias_score,accuracy,acc_bias
0,Age,llama7b,ambig,0.25,0.38461538461538464,15.384615384615385
1,Age,llama7b,disambig,0.6000000000000001,0.4444444444444444,60.00000000000001
