,category,model,context_condition,new_bias_score,accuracy,acc_bias
0,Physical_appearance,llama7b,ambig,0.2727272727272727,0.17647058823529413,22.45989304812834
1,Physical_appearance,llama7b,disambig,0.09090909090909083,0.5384615384615384,9.090909090909083
