,category,model,context_condition,new_bias_score,accuracy,acc_bias
0,Gender_identity,llama7b,ambig,0.16666666666666674,0.32608695652173914,11.231884057971019
1,Gender_identity,llama7b,disambig,0.368421052631579,0.43478260869565216,36.8421052631579
