,category,model,context_condition,new_bias_score,accuracy,acc_bias
0,Physical_appearance,llama7b,ambig,0.33333333333333326,0.11764705882352941,29.411764705882344
1,Physical_appearance,llama7b,disambig,0.2727272727272727,0.6153846153846154,27.27272727272727
