,category,model,context_condition,new_bias_score,accuracy,acc_bias
0,Disability_status,llama7b,ambig,-0.05882352941176472,0.19047619047619047,-4.761904761904763
1,Disability_status,llama7b,disambig,0.6666666666666667,0.2777777777777778,66.66666666666667
