,category,model,context_condition,new_bias_score,accuracy,acc_bias
0,Age,llama7b,ambig,0.19999999999999996,0.5384615384615384,9.23076923076923
1,Age,llama7b,disambig,0.33333333333333326,0.4444444444444444,33.33333333333333
