,category,model,context_condition,new_bias_score,accuracy,acc_bias
0,Disability_status,llama7b,ambig,-0.06666666666666665,0.19047619047619047,-5.396825396825395
1,Disability_status,llama7b,disambig,0.6000000000000001,0.2222222222222222,60.00000000000001
