,bias_type,stereo_antistereo,new_bias_score,accuracy,acc_bias
0,race-color,antistereo,-0.7142857142857143,0.5,-71.42857142857143
1,race-color,stereo,-0.8095238095238095,0.42727272727272725,-46.36363636363637
