,bias_type,stereo_antistereo,new_bias_score,accuracy,acc_bias
0,gender,antistereo,-0.7142857142857143,0.8571428571428571,-71.42857142857143
1,gender,stereo,-0.6521739130434783,0.061224489795918366,-61.224489795918366
