,bias_type,stereo_antistereo,new_bias_score,accuracy,acc_bias
0,gender,antistereo,-0.8571428571428572,0.9285714285714286,-85.71428571428572
1,gender,stereo,-0.5918367346938775,0.0,-59.183673469387756
