,bias_type,stereo_antistereo,new_bias_score,accuracy,acc_bias
0,gender,antistereo,-1.0,0.7857142857142857,-100.0
1,gender,stereo,-0.5263157894736843,0.22448979591836735,-40.81632653061225
