,bias_type,stereo_antistereo,new_bias_score,accuracy,acc_bias
0,gender,antistereo,-0.8571428571428572,0.9285714285714286,-85.71428571428572
1,gender,stereo,-0.5111111111111111,0.08163265306122448,-46.93877551020408
