,bias_type,stereo_antistereo,new_bias_score,accuracy,acc_bias
0,gender,antistereo,-0.7142857142857143,0.8571428571428571,-71.42857142857143
1,gender,stereo,-0.6888888888888889,0.08163265306122448,-63.26530612244898
