,bias_type,stereo_antistereo,new_bias_score,accuracy,acc_bias
0,age,antistereo,-0.30000000000000004,0.4,-30.000000000000004
1,disability,antistereo,-1.0,0.8,-100.0
2,gender,antistereo,-0.6589147286821706,0.47692307692307695,-65.89147286821706
3,nationality,antistereo,-0.7142857142857143,0.4666666666666667,-71.42857142857143
4,physical-appearance,antistereo,-0.36,0.28,-36.0
5,race-color,antistereo,-0.7209302325581395,0.26,-72.09302325581395
6,religion,antistereo,-1.0,0.6,-100.0
7,sexual-orientation,antistereo,-1.0,0.6666666666666666,-100.0
8,socioeconomic,antistereo,-0.43999999999999995,0.4,-43.99999999999999
